Referring page title,Referring page URL,Links To
Pilates Studio Singapore | Tirisula Yoga Pilates,https://tirisulayoga.com/,https://bookings.vibefam.com/tirisula/packages
Impact MMA | Mixed Martial Arts Singapore,https://www.impactmmasg.com/,https://bookings.vibefam.com/impact/signup/
Singapore Calisthenics Academy ‚Äì Official Website of Singapore Calisthenics Academy,https://singaporecalisthenics.com/,https://bookings.vibefam.com/sca/packages
Hot Yo Digital,https://hotyostudio.my/,https://bookings.vibefam.com/hotyostudio
Pilates Motiv,https://www.pilatesmotiv.com/,https://bookings.vibefam.com/pilatesmotiv/classes
Ho Cycle,https://www.hocycle.fun/,https://bookings.vibefam.com/hocycle/classes
Ho Cycle,https://www.hocycle.fun/,https://bookings.vibefam.com/hocycle/packages
Personal Training | Singapore | Ghetto Fitness,https://www.ghetto-fitness.com/,https://bookings.vibefam.com/ghettofitness/classes
Is ClassPass Worth It? Honest Review Of The App ‚Äì,https://thezillennialzine.com/2024/04/30/is-classpass-cheaper/,https://vibefam.com/integrating-classpass-with-vibefam-to-boost-your-fitness-studio/
Stronghold MMA | Martial Arts Academy | Singapore,https://www.stronghold.sg/,https://bookings.vibefam.com/strongholdmma/packages
"Yoga Studio & Teacher Training, Kuala Lumpur Malaysia ‚Äì UTL YOGA",https://utlmy.com/,https://bookings.vibefam.com/underthelightyoga/packages
"Yoga Studio & Teacher Training, Kuala Lumpur Malaysia ‚Äì UTL YOGA",https://utlmy.com/,https://bookings.vibefam.com/underthelightyoga/classes
About us | My Site 2,https://www.chokdeemuaythaisg.com/,https://bookings.vibefam.com/chokdee/packages
Yoga In Common,https://yoga-incommon.com/,https://bookings.vibefam.com/yogaincommon/packages
Push Pull Give ‚Äì Home of Strength & Movement,https://www.pushpullgive.com/,https://bookings.vibefam.com/pushpullgive/classes
Singapore Ski and Snowboard | Ski and Snowboard Lessons | Nam Ho Ski,https://skiclub.namho.com.sg/,https://bookings.vibefam.com/namho
Best MMA Gym in Singapore | Homeground MMA,https://www.homegroundmma.sg/,https://bookings.vibefam.com/homegroundmma/classes
Pole Dance Movement,https://poledancemovement.com/,https://bookings.vibefam.com/pdm/classes
BASI Course | BPA Singapore,https://www.fitfoopilates.com/courses,https://bookings.vibefam.com/fitfoo/classes
KOVAN | Tirisula Yoga Pilates,https://tirisulayoga.com/home/kovan-2/,https://bookings.vibefam.com/tirisula/packages
In Studio Yoga Class ÂÆû‰ΩìÁëú‰ºΩËØæ,https://www.unwindandflow.co/products/in-studio-yoga-class,https://bookings.vibefam.com/unwindstudio/packages
In Studio Yoga Class ÂÆû‰ΩìÁëú‰ºΩËØæ,https://www.unwindandflow.co/products/in-studio-yoga-class,https://bookings.vibefam.com/unwindstudio/classes
MMA FITNESS LAB ‚Äì WELCOME TO MMA FITNESS LAB,https://www.mmafitnesslab.com/,https://bookings.vibefam.com/mmafitnesslab
Martial House | Leading Wushu & Martial Art Academy | SG,https://martialhouse.com/,https://bookings.vibefam.com/martialhouse/classes
"Pilates Class Schedule | Reformer, Tower & Wunda Chair",https://tirisulayoga.com/schedule/,https://bookings.vibefam.com/tirisula/classes
SoPilates Studio - Pilates in Kuala Lumpur,https://www.sopilates.studio/Package.html,https://bookings.vibefam.com/sopilates/packages
Pilates Reformer and Yoga Classes | Tirisula Yoga Pilates,https://tirisulayoga.com/classes/,https://bookings.vibefam.com/tirisula/classes
YOGA TEACHER TRAINING COURSE (RYT200) ‚Äì UTL YOGA,https://utlmy.com/pages/teacher-training-course,https://bookings.vibefam.com/underthelightyoga/packages
YOGA TEACHER TRAINING COURSE (RYT200) ‚Äì UTL YOGA,https://utlmy.com/pages/teacher-training-course,https://bookings.vibefam.com/underthelightyoga/classes
The Grey Cloud,https://thegreycloud.fit/,https://bookings.vibefam.com/thegreycloudfit
The Grey Cloud,https://thegreycloud.fit/,https://bookings.vibefam.com/thegreycloudfit/classes
Home | FitBeat,https://www.fitbeatfitness.com/,https://bookings.vibefam.com/fitbeatsg/packages
"Yoga Studio, Supplies& Equipment | Riana Yoga Singapore - Yoga Studio, Supplies& Equipment | Riana Yoga Singapore",https://www.iyengaryoga.sg/,https://bookings.vibefam.com/iyengaryoga/classes
"Prana Yoga KL, Yoga and Pilates, Kuala Lumpur",https://www.pranayogakl.com/,https://bookings.vibefam.com/pranayogakl/classes
Aure Studios | Dance. Yoga. Fitness. | Singapore,https://www.aurestudios.com/,http://bookings.vibefam.com/aurestudios
Choosing The Best Yoga Scheduling Software - Jen Tech Yoga,https://www.jentechyoga.com/2024/10/choosing-best-yoga-scheduling-software.html,https://vibefam.com/pricing/
Book Class - Ski & Snowboard Lessons | Singapore,https://ski.sg/book-class/,https://bookings.vibefam.com/skisg/classes
"movement lab my | Pilates | Kuala Lumpur, Malaysia",https://www.movementlabmy.com/,https://bookings.vibefam.com/movementlabmy/classes
Adult Beginner Dance Classes Singapore | Adult Beginner Hip Hop Classes,https://evdance.com.sg/absolute-beginner-courses/,https://bookings.vibefam.com/evdance/classes
Aeria Studio: Expert aerial arts in Hong Kong,https://www.aeriastudiohk.com/,https://bookings.vibefam.com/aeriastudio/classes
Aeria Studio: Expert aerial arts in Hong Kong,https://www.aeriastudiohk.com/,https://bookings.vibefam.com/aeriastudio
IkigaiSG Homepage,https://www.ikigaisg.com/,https://vibefam.com/
Physiotherapy | Rehab | Pilates & Group Classes,https://renewphysiopilates.com/,https://bookings.vibefam.com/renewphysiopilates/classes
Schedule ‚Äì Hale Yoga,https://hale.sg/schedule/,https://bookings.vibefam.com/haleyoga/classes
JPlatform | Studio Class Booking,https://jplatform.sg/studio-class-booking/,https://bookings.vibefam.com/jplatform/classes
"Elevate Fight Lab | Boxing, Muay thai and MMA Gym | Singapore",https://www.elevatefightlab.com/,https://bookings.vibefam.com/efl/signup/
"Elevate Fight Lab | Boxing, Muay thai and MMA Gym | Singapore",https://www.elevatefightlab.com/,https://app.vibefam.com/login
EVENTS ‚Äî Red Doors Studio,https://www.red-doors.com/events,https://bookings.vibefam.com/reddoors/classes
Yoga Studio at Hanoi - Nomad OM Factory - All Fun No Fear,https://nomadomfactory.com.vn/,https://bookings.vibefam.com/nomadomfactoryvn/classes
Adult Dance Classes in Cheras | Book Your Spot at DancePot Today!,https://dancepot.my/book-class-cheras/,https://bookings.vibefam.com/dancepot/classes?location=DANCEPOT%20%28CHERAS%29
Radeem Rahman ‚Äì MMA FITNESS LAB,https://www.mmafitnesslab.com/radeem-rahman/,https://bookings.vibefam.com/mmafitnesslab
SOL House | Ayurvedic Bodywork & Therapy,https://solhouse.co/,https://bookings.vibefam.com/yogaincommon/classes/OZZ2KWZxqk1PjFShk57W
Pricing ‚Äì Avante Gym and Yoga,https://www.avantegymyoga.com/pages/pricing,https://bookings.vibefam.com/avantegymnyoga/packages
Eminent Gym,https://www.eminentgymsg.com/,https://bookings.vibefam.com/eminentgymsg/classes
Packages ‚Äî PassionFit,https://www.passionfitmy.com/packages,https://bookings.vibefam.com/passionfit/packages?wmode=opaque
Top 10 Sports for Weight Loss,https://www.impactmmasg.com/post/top-10-sports-for-weight-loss,https://bookings.vibefam.com/impact/signup/
Your Space,https://www.owlpactfitness.com/,https://bookings.vibefam.com/owlpactfitness/packages
Core Yoga ‚Äì Power Sutras,https://powersutras.com/pages/core-yoga-%E6%A0%B8%E5%BF%83%E8%82%8C%E7%BE%A4,https://bookings.vibefam.com/powersutras
1-Week Unlimited Yoga at Bliss Shala | Relax & Rejuvenate,https://www.uplay.com.sg/allexperiences/detail/2523,https://bookings.vibefam.com/blissshala/classes
Nyala Spine Health,https://www.nyalaspinehealth.com/,https://bookings.vibefam.com/nyalaspinehealth/packages
Run for your life,https://www.run4life.co/,https://bookings.vibefam.com/tirisulayogaeunos/packages
Packages | Pilates Motiv,https://www.pilatesmotiv.com/packages-1,https://bookings.vibefam.com/pilatesmotiv/packages
Marookha Cafe In TTDI Is A Must-Visit Haven For All Women!,https://risemalaysia.com.my/cafe-salon-gym-in-marookha-ttdi/,https://bookings.vibefam.com/marookhafitness/classes
Schedule ‚Äî SUGAR,https://www.sugarboxing.com.sg/schedule,https://bookings.vibefam.com/activefitness/classes
Packages ‚Äî SUGAR,https://www.sugarboxing.com.sg/packages,https://bookings.vibefam.com/activefitness/packages
Solas Reformative,https://solasreformative.com/,https://bookings.vibefam.com/solas/classes
Solas Reformative,https://solasreformative.com/,https://bookings.vibefam.com/solas/packages
"Marookha Cafe, Malaysian women's-only gym & club in TTDI",https://vulcanpost.com/854157/marookha-cafe-women-only-gym-hijabi-club-ttdi-malaysia/,https://bookings.vibefam.com/marookhafitness/classes
Functional Mobility for Yoga by Sandra Woo (90 min) at 2pm Sat on 27 A ‚Äì OMTOGETHER,https://omtogether.net/products/sandra_27apr2024,https://bookings.vibefam.com/omtogether/classes/gxkH2bkU0V7VIutftQvo
Classes at SPACECUBOID Gym Studio,https://www.spacecuboid.com/info/class-series/kids-classes,https://bookings.vibefam.com/spacecuboid/merchandise
Classes at SPACECUBOID Gym Studio,https://www.spacecuboid.com/info/class-series/kids-classes,https://bookings.vibefam.com/spacecuboid/packages
Classes at SPACECUBOID Gym Studio,https://www.spacecuboid.com/info/class-series/kids-classes,https://bookings.vibefam.com/spacecuboid/classes
Creating Engaging SEO Content That Converts ‚Äì iTxoft‚Äôs Guide,https://boost.itxoft.com/strategies-for-on-page-seo-itxoft-3249/,https://vibefam.com/
Hard niche? We have the fix ‚ú®ExLinko.com‚ú®,https://exlinko.net/p/ldngo-rank-website-in-3-weeks/,https://vibefam.com/
Domains on ip 3.125.252.47,https://domains.tntcode.com/ip/3.125.252.47,https://vibefam.com/
The Row Space - Schedule,https://www.therowspace.sg/schedule,https://bookings.vibefam.com/therowspace/classes
"Boost Ahrefs DR, Moz DA, and Majestic TF with Proven Backlinks for All Niches, Including Gambling and High-Competition Niches ‚Äì SkyLinkSEO: Competitors Trust Our Proven Backlinks ‚Äì No Restrictions, Expert Team, All Niches, All Languages, Results First, Pay Later!",https://linkbox.agency/see-results-first-pay-later-seo-14492/,https://vibefam.com/
most visited site 254 |,https://webjunctiondirectory.com/most-visited-site-254/,https://vibefam.com/
most visited site 254 |,https://webhubdirectory.com/most-visited-site-254/,https://vibefam.com/
most visited site 254 |,https://webworthdirectory.com/most-visited-site-254/,https://vibefam.com/
most visited site 254 |,https://websitehubdirectory.com/most-visited-site-254/,https://vibefam.com/
most visited site 254 |,https://topmillionwebdirectory.com/most-visited-site-254/,https://vibefam.com/
Fascia workshop 2/2 | InnerKeys,https://innerkeys.com/event/kundalini-yoga-with-kirti-2-2-2-2-2-2-5-3-2-4-2-2-2-2-2-2-2-5-2-2-2-2-2-2-3-2-2-2/,https://bookings.vibefam.com/blissshala/classes
most visited site 254 |,https://webrankdirectory.com/most-visited-site-254/,https://vibefam.com/
"In-Studio Class - Yoga Studio, Supplies& Equipment | Riana Yoga Singapore | Yoga Studio, Supplies& Equipment | Riana Yoga Singapore",https://www.iyengaryoga.sg/classes/in-studio-class/,https://bookings.vibefam.com/iyengaryoga/classes
"Members ‚Äì Eighteen Movement Studio | Pilates, Gyrotonic, & CoreAlign",https://studio18.sg/members/,https://bookings.vibefam.com/eighteenmovementstudio/classes
most visited site 254 | top doma directory,https://topdomadirectory.com/most-visited-site-254/,https://vibefam.com/
vibefam on the App Store,https://apps.apple.com/sg/app/vibefam/id1530134249,https://vibefam.com/privacy
vibefam on the App Store,https://apps.apple.com/sg/app/vibefam/id1530134249,https://vibefam.com/
Innovation Made Real @Singapore Science Park,https://innovationmadereal.webflow.io/,https://vibefam.com/
,https://www.myvibestudio.com/classes/,https://bookings.vibefam.com/myvibestudio/classes
African Dance fitness | Afrowithjeevi | Singapore,https://www.afrowithjeevi.com/,https://bookings.vibefam.com/afrowithjeevi/classes
arabicwebdirectory.com | few of top websites | page no. 771,https://www.arabicwebdirectory.com/domain-list-771,http://vibefam.com/
Alexa top domain list || page 771,https://www.mydomaininfo.com/domain-list-771,http://vibefam.com/
"Achieve High Moz DA, Ahrefs DR, and Majestic TF Scores with Expert Link-Building Techniques at Shop.SkyLinkSEO.com. Get Manual SEO Backlinks‚ÄîSee Results First, Pay After Work! ‚Äì Maximize Your Rankings with Proven Link-Building Expertise at SkyLinkSEO.com",https://seolink.info/see-results-first-pay-later-seo-257/,https://vibefam.com/
Pricing | My Site 2,https://www.chokdeemuaythaisg.com/about-us,https://bookings.vibefam.com/chokdee/packages
Ski and Snowboard Lessons Singapore | Ski Programs | Nam Ho Ski,https://skiclub.namho.com.sg/ski-programs,http://bookings.vibefam.com/namho
Decode Your Life,https://redefinewellness.asia/courses/decode-your-life-booking/,https://bookings.vibefam.com/redefinewellness/classes?classes=Breathwork%20%26%20Mindfulness
UIUX Advice - Indie Hackers,https://www.indiehackers.com/post/uiux-advice-5e8d107a26,https://vibefam.com/about
UIUX Advice - Indie Hackers,https://www.indiehackers.com/post/uiux-advice-5e8d107a26,https://vibefam.com/
Packages - Aerial Cheer Academy,https://aerialcheeracademy.com/packages/,https://bookings.vibefam.com/aerial/packages
Eunos Yoga Studio Singapore | Tirisula Yoga,https://tirisulayoga.com/eunos/,https://bookings.vibefam.com/tirisulayogaeunos/classes
"Business Development Intern Jobs at Vibefam, Singapore (Closed) | Glints",https://glints.com/sg/opportunities/jobs/business-development-intern/cca15d9a-6230-454d-b5db-5382b0e36847,https://vibefam.com/
MMA ‚Äì MMA FITNESS LAB,https://www.mmafitnesslab.com/mma-2/,https://bookings.vibefam.com/mmafitnesslab
Movestrong.sg ‚Äì Empowering Lives with Real-World Strength and Functional Mobility.,https://movestrong.sg/,https://bookings.vibefam.com/movestrong/classes
Movestrong.sg ‚Äì Empowering Lives with Real-World Strength and Functional Mobility.,https://movestrong.sg/,https://bookings.vibefam.com/movestrong/packages
Personalised Progress: Skateboarding Lessons Singapore ‚Äî Skateboarding Academy,https://www.skateboardingacademy.com/package,https://bookings.vibefam.com/skateaca/packages
"Anastasia Tham - Healer, Moon Mother, Space Holder & Akashic Reader",https://www.anastasiatham.com/,https://bookings.vibefam.com/blissshala/classes/WhgCnGtmi5l09h30pxvd
Amberyoga,https://www.amberyoga.com.sg/,https://bookings.vibefam.com/amberyoga
Muay Thai ‚Äì MMA FITNESS LAB,https://www.mmafitnesslab.com/muay-thai-2/,https://bookings.vibefam.com/mmafitnesslab
"Enhance Your Website‚Äôs Metrics DA,DR and TF with SEO Backlinks ‚Äì Pay After You See Results! ‚Äì Enhance Your Website‚Äôs Metrics DA,DR and TF with SEO Backlinks ‚Äì Pay After You See Results!",https://www.crossover-p.com/boost-website-metrics-with-seo-backlinks-refill-guarantee-3-6-12-months-738/,https://vibefam.com/
Membership | Nam Ho Ski,https://skiclub.namho.com.sg/membership,http://bookings.vibefam.com/namho
"Looking for Reliable Backlinks to Boost Your Website Metrics like Ahrefs Dr,Moz Da and Majestic TF? Get High-Quality Guest Posts, PBN Links, and More ‚Äì No Niche Restrictions All Accepted! See Results First Pay Later! visit Rankva.com ‚Äì Guest Posts & PBN Links & All Languages or Niches Supported ‚Äì Pay After Work! visit RankVA.com Or Click here",https://www.crossover-p.com/boost-website-metrics-with-seo-backlinks-refill-guarantee-3-6-12-months-23965/,https://vibefam.com/
Booking - Total Running Club,https://totalrunningclub.com/booking/,https://bookings.vibefam.com/totalrunningclub/classes
ŸÇŸÖ ÿ®ÿ™ŸÜÿ≤ŸäŸÑ Vibefam 2.9.63 ŸÑŸÄ Android | Uptodown.com,https://vibefam.ar.uptodown.com/android/download,https://vibefam.com/
SPACECUBOID Gym Studio Sessions,https://www.spacecuboid.com/all-classes-2/personal-training-private-coaching,https://bookings.vibefam.com/spacecuboid/packages
Pricing and Purchase ‚Äì KI YOGA SERANGOON GARDENS,https://www.kiyoga.com.sg/pages/pricing-and-purchase,https://bookings.vibefam.com/kiyoga/packages
Alexa top domain list || page 771,https://www.pages.college/domain-list-771,https://vibefam.com/
1200 Fitness Clubs in Singapore -,https://www.distrilist.eu/asia/singapore/1200-fitness-clubs-in-singapore/,https://vibefam.com/
Book Class - Juggernaut Fight Club | SG,https://juggernautfightclub.com/book-class/,https://bookings.vibefam.com/juggernaut/classes
Transcend Yoga Wellness: Read Reviews and Book Classes on ClassPass,https://classpass.com/studios/transcend-yoga-wellness,https://bookings.vibefam.com/transcendyoga/classes
Alexa top domain list || page 771,https://www.topdirectory.in/domain-list-771,https://vibefam.com/
topdirectory.co.in | few of top websites | page no. 771,https://www.topdirectory.co.in/domain-list-771,http://vibefam.com/
Alexa top domain list || page 771,https://www.addondirectory.com/domain-list-771,https://vibefam.com/
Fitness for Wishes by VIBEFAM PTE LTD,https://appadvice.com/game/app/fitness-for-wishes/6444581785,https://vibefam.com/
muchmore.in | few of top websites | page no. 771,https://www.muchmore.in/domain-list-771,http://vibefam.com/
Alexa top domain list || page 771,https://www.summary.co.in/domain-list-771,https://vibefam.com/
Alexa top domain list || page 771,https://www.wetradewebsites.com/domain-list-771,https://vibefam.com/
Alexa top domain list || page 771,https://www.feelfree.in/domain-list-771,http://vibefam.com/
Alexa top domain list || page 771,https://www.cricketlive.co.in/domain-list-771,https://vibefam.com/
Transcend Yoga Wellness: L√§s recensioner och boka pass p√• ClassPass,https://classpass.se/studios/transcend-yoga-wellness,https://bookings.vibefam.com/transcendyoga/classes
Alexa top domain list || page 771,https://www.touristpoints.in/domain-list-771,https://vibefam.com/
Alexa top domain list || page 771,https://www.mandakini.co.in/domain-list-771,https://vibefam.com/
Alexa top domain list || page 771,https://www.showdirectory.in/domain-list-771,http://vibefam.com/
addlinkwebsite.com | few of top websites | page no. 771,https://www.addlinkwebsite.com/domain-list-771,http://vibefam.com/
Alexa top domain list || page 771,https://www.domainnameshub.com/domain-list-771,http://vibefam.com/
Alexa top domain list || page 771,https://www.wondomain.com/domain-list-771,http://vibefam.com/
Alexa top domain list || page 771,https://www.domainnamesbook.com/domain-list-771,http://vibefam.com/
Essential Movement,https://essentialmove.com.my/,https://bookings.vibefam.com/essentialmovement/classes
WEB DIRECTORY,https://webbys.pages.dev/43/VyKSKdbLVw,https://vibefam.com/
Yeoh Yong Jie,https://www.yeohyongjie.com/,https://vibefam.com/
Alexa top domain list || page 771,https://www.easydirectory.in/domain-list-771,http://vibefam.com/
About Us - Prufit Malaysia,https://www.prufitmalaysia.com/about-us,https://bookings.vibefam.com/prufitmalaysia/classes
Alexa top domain list || page 771,https://www.listmydomain.com/domain-list-771,https://vibefam.com/
websitefinder.org | few of top websites | page no. 771,https://www.websitefinder.org/domain-list-771,http://vibefam.com/
personal Training ‚Äì Push Pull Give,https://www.pushpullgive.com/personal-training/,https://bookings.vibefam.com/pushpullgive/packages
Alexa top domain list || page 771,https://www.foodbus.in/domain-list-771,https://vibefam.com/
Schedule | yogitime,https://www.yogitimemy.com/schedule,https://bookings.vibefam.com/yogitime
Boot Camps | Fitbeat,https://www.fitbeatfitness.com/boot-camps,https://bookings.vibefam.com/fitbeatsg/classes
Alexa top domain list || page 771,https://www.cricketinfo.co.in/domain-list-771,http://vibefam.com/
Alexa top domain list || page 771,https://www.globallinkdirectory.com/domain-list-771,https://vibefam.com/
Boot Camps | Fitbeat,https://www.fitbeatfitness.com/boot-camps,https://bookings.vibefam.com/fitbeatsg/packages
Vibefam Karir & Profil Terbaru 2025 | Glints,https://glints.com/id/companies/vibefam/16ad49d4-a597-4b18-b5f7-915c2155ff12,https://vibefam.com/
"HYPE GVA Taiwan‚Äôs 10th Cycle Demo Day: Igniting the Fusion of Sports, Technology, and Innovation | BlackStorm Consulting",https://blackstormco.asia/hype-gva-taiwans-10th-cycle-demo-day-igniting-the-fusion-of-sports-technology-and-innovation/,https://vibefam.com/
most visited site 254 |,https://topwebdirectoy.com/most-visited-site-254/,https://vibefam.com/
Gym in River Valley | East Coast‚Äî ACTIVE FITNESS,https://www.activefitness.com.sg/sugar-popsicle,https://bookings.vibefam.com/activefitness/classes
Packages ‚Äî Aflo Pilates,https://www.aflopilates.com/package,https://bookings.vibefam.com/aflopilates/packages?wmode=opaque
PDM,http://www.poledancemovement.com/FAQ.html,https://bookings.vibefam.com/pdm/classes
Discover the Best Fitness Classes to Transform Your Workout Routine,https://www.hastingsfitnesshub.co.uk/post/discover-the-best-fitness-classes-to-transform-your-workout-routine,https://vibefam.com/new-wave-of-fitness-classes-to-try-out-this-2023/
Classes | Pilates Motiv,https://www.pilatesmotiv.com/classes-1,https://bookings.vibefam.com/pilatesmotiv/classes
Classes | Pilates Motiv,https://www.pilatesmotiv.com/classes-1,https://bookings.vibefam.com/pilatesmotiv/packages
Breakfast and Brew: Tech Edition - the moonbeam co,https://themoonbeam.co/breakfast-and-brew-tech-edition/,https://vibefam.com/
vibefam.com Technology Stack and Analysis | Webatlas,https://www.webatlas.com/domain/vibefam.com/technologies,https://vibefam.com/
AURE Studios in Bukit Panjang - ThreeBestRated.sg,https://threebestrated.sg/dance-classes/aure-studios-bukit-panjang-216138898,https://bookings.vibefam.com/aurestudios/classes
"Contact Us - Yoga Studio, Supplies& Equipment | Riana Yoga Singapore | Yoga Studio, Supplies& Equipment | Riana Yoga Singapore",https://www.iyengaryoga.sg/contact-us/,https://bookings.vibefam.com/iyengaryoga/classes
Class Schedule ‚Äì Power Sutras,https://powersutras.com/pages/class-schedule,https://bookings.vibefam.com/powersutras
Pricing ‚Äî The Flow Playground,https://www.theflowplayground.com/pricing,https://bookings.vibefam.com/theflowplayground/packages?wmode=opaque
Book a Class | Yoga Lab Hanoi,https://www.yogalabhanoi.com/book-a-class,http://bookings.vibefam.com/yogalabhanoi/signup/
Personal Training ‚Äì Movestrong.sg,https://movestrong.sg/personal-training/,https://bookings.vibefam.com/movestrong/packages
Home | BolehFit,https://bolehfit.weeblysite.com/,https://bookings.vibefam.com/bolehfit/classes
Business Catalyst Project for Digital Marketing - Jayon Inc,https://jayoninc.com/enterprise-transformation-project-digital-marketing/,https://vibefam.com/
,https://redefinewellness.asia/wp-content/uploads/2024/09/RDW-studio-N.html,https://bookings.vibefam.com/redefinewellness/classes?classes=Breathwork%20%26%20Mindfulness
,https://redefinewellness.asia/wp-content/uploads/2024/09/RDW-studio-N.html,"https://bookings.vibefam.com/redefinewellness/classes?classes=Breathe%20to%20let%20go,%20Breathe%20to%20receive"
,https://redefinewellness.asia/wp-content/uploads/2024/09/RDW-studio-N.html,https://bookings.vibefam.com/redefinewellness/classes?classes=Kundalini%20Yoga%20%26%20Gong%20Healing
,https://redefinewellness.asia/wp-content/uploads/2024/09/RDW-studio-N.html,https://bookings.vibefam.com/redefinewellness/classes?classes=Somatic%20Rose%20Dance
,https://redefinewellness.asia/wp-content/uploads/2024/09/RDW-studio-N.html,https://bookings.vibefam.com/redefinewellness/classes?classes=Yoga%20Nidra
,https://redefinewellness.asia/wp-content/uploads/2024/09/RDW-studio-N.html,https://bookings.vibefam.com/redefinewellness/classes?classes=Manifestation%20Meditation
,https://redefinewellness.asia/wp-content/uploads/2024/09/RDW-studio-N.html,https://bookings.vibefam.com/redefinewellness/classes?classes=Aura%20Cleansing%20%26%20Chakra%20Balancing%20with%20Reiki
,https://redefinewellness.asia/wp-content/uploads/2024/09/RDW-studio-N.html,https://bookings.vibefam.com/redefinewellness/classes?classes=Trauma%20Sensitive%20Yoga
,https://redefinewellness.asia/wp-content/uploads/2024/09/RDW-studio-N.html,https://bookings.vibefam.com/redefinewellness/classes?classes=Sacred%20Sound%20Journey%20%3A%20An%20Oracle%20Experience
Mental Wellness ‚Äì Kingston Medical Group,https://www.kingstonmedical.com.sg/mental-wellness/,https://bookings.vibefam.com/kingstonwellness/
,https://redefinewellness.asia/wp-content/uploads/2024/09/RDW-studio-N.html,https://bookings.vibefam.com/redefinewellness/classes?classes=Advanced%20Chakra%20Cleanse%20with%20Quantum%20Reiki
,https://redefinewellness.asia/wp-content/uploads/2024/09/RDW-studio-N.html,https://bookings.vibefam.com/redefinewellness/classes/r29Tb3ppvlCbXm7RFfok
,https://redefinewellness.asia/wp-content/uploads/2024/09/RDW-studio-N.html,https://bookings.vibefam.com/redefinewellness/classes?classes=Shamanic%20Healing%20Meditation
,https://redefinewellness.asia/wp-content/uploads/2024/09/RDW-studio-N.html,https://bookings.vibefam.com/redefinewellness/classes?classes=Breathwork%20%26%20Crystal%20Meditation
,https://redefinewellness.asia/wp-content/uploads/2024/09/RDW-studio-N.html,https://bookings.vibefam.com/redefinewellness/classes?classes=Sound%20%26%20Gong%20Meditation%20with%20Aromatherapy
,https://redefinewellness.asia/wp-content/uploads/2024/09/RDW-studio-N.html,https://bookings.vibefam.com/redefinewellness/classes?classes=Sleep%20Veda%20-%20art%20of%20falling%20asleep%20naturally
,https://redefinewellness.asia/wp-content/uploads/2024/09/RDW-studio-N.html,https://bookings.vibefam.com/redefinewellness/classes?classes=Chakra%20Activation%20%26%20Healing%20Meditation
,https://redefinewellness.asia/wp-content/uploads/2024/09/RDW-studio-N.html,https://bookings.vibefam.com/redefinewellness/classes?classes=Sound%20%26%20Mindfulness%20Meditation
MEET THE TEAM | HO CYCLE,https://www.hocycle.fun/meet-the-team,https://bookings.vibefam.com/hocycle/classes
Fiaba Kids,https://fiabakids.com/,https://bookings.vibefam.com/fiabakids/classes
MEET THE TEAM | HO CYCLE,https://www.hocycle.fun/meet-the-team,https://bookings.vibefam.com/hocycle/packages
Class Packages | Fiaba Kids 1,https://www.fiabakids.com/about-1-1,https://bookings.vibefam.com/fiabakids/classes
Programs | Fiaba Kids 1,https://www.fiabakids.com/Programs,https://bookings.vibefam.com/fiabakids/classes
Class Packages | Fiaba Kids 1,https://www.fiabakids.com/about-1-1,https://bookings.vibefam.com/fiabakids/
Vibefam for Android - Free App Download,https://www.appbrain.com/app/vibefam/com.vibefam.dev,https://vibefam.com/
ONE Pilates - Orchard: Read Reviews and Book Classes on ClassPass,https://classpass.com.es/studios/one-pilates-orchard-singapore,https://bookings.vibefam.com/onepilates/classes
Class Packages | Fiaba Kids 1,https://www.fiabakids.com/about-1-1,https://bookings.vibefam.com/fiabakids/packages
Joo Chiat ‚Äî POPSICLE,https://www.popsiclecycling.com.sg/joo-chiat,https://bookings.vibefam.com/activefitness/classes?wmode=opaque
"Tirisula Yoga.Pilates, EUNOS Studio ‚Äì Run for your life",https://www.run4life.co/tirisula-boat-quay-studio-schedule/,https://bookings.vibefam.com/tirisulayogaeunos
"They started the 1st gentlewoman‚Äôs club in M‚Äôsia that has a gym, cafe & salon under one roof",https://www.futurenomic.info/2024/03/they-started-1st-gentlewomans-club-in.html,https://bookings.vibefam.com/marookhafitness/classes
Packages ‚Äì Run for your life,https://www.run4life.co/packages/,https://bookings.vibefam.com/tirisulayogaeunos/packages
In-House Trainers,https://www.owlpactfitness.com/yourspace,https://bookings.vibefam.com/owlpactfitness/packages
Courses | Eddon Website Design,https://www.beyondmovementkl.com/courses,https://bookings.vibefam.com/beyondmovement/merchandise
Packages ‚Äî Morf SG,https://www.morf.life/packages,https://bookings.vibefam.com/morf/packages
Schedule ‚Äî Shiva Yoga Studio,https://www.shivayoga.com.sg/schedule,https://bookings.vibefam.com/shivayogastudio/classes?wmode=opaque
Classes | Eddon Website Design,https://www.beyondmovementkl.com/classes,https://bookings.vibefam.com/beyondmovement/packages
Terms & Conditions,https://www.owlpactfitness.com/Terms-and-Conditions,https://bookings.vibefam.com/owlpactfitness/packages
Packages - Prufit Malaysia,https://www.prufitmalaysia.com/packages,https://bookings.vibefam.com/prufitmalaysia/packages
Phatfit @ The Little Arts Academy : Lire les avis et r√©server des cours sur ClassPass,https://classpass.fr/studios/phatfit--the-little-arts-academy-singapore,https://bookings.vibefam.com/phatfitsg/classes
SCHEDULE ÊÅÜÂ∏∏Ë™≤Â†Ç - ABHYAAS YOGA GROUP,https://www.abhyaasyoga.com/schedule-24646241203550622530.html,https://bookings.vibefam.com/yogaroots/classes
Class Schedule ‚Äî Homeground MMA,https://www.homegroundmma.sg/schedule,https://bookings.vibefam.com/homegroundmma/classes?wmode=opaque
Booking ‚Äî CALIXLAB,https://www.calisthenicxlab.com/booking,https://bookings.vibefam.com/calixlab/classes
Pricing ‚Äî Homeground MMA,https://www.homegroundmma.sg/pricing,https://bookings.vibefam.com/homegroundmma/packages
Class Schedule ‚Äî Homeground MMA,https://www.homegroundmma.sg/schedule,https://bookings.vibefam.com/homegroundmma/classes
Price List | Stronghold.sg,https://www.stronghold.sg/price-list,https://bookings.vibefam.com/strongholdmma/packages
Reformer Pilates ‚Äì Push Pull Give,https://www.pushpullgive.com/reformer-pilates/,https://bookings.vibefam.com/pushpullgive/packages
Empowering Fitness Businesses: The Story Behind Vibefam,https://www.ikigaisg.com/post/empowering-fitness-businesses-the-story-behind-vibefam,https://vibefam.com/customersuccess/
Your Fitness is our movement,https://authenticmovement.com.sg/,https://bookings.vibefam.com/authenticmovement/interest
Phatfit @ The Little Arts Academy: l√™ avalia√ß√µes e reserva aulas na ClassPass,https://classpass.pt/studios/phatfit--the-little-arts-academy-singapore,https://bookings.vibefam.com/phatfitsg/classes
Group Classes ‚Äî OurBodySpace,https://www.ourbodyspace.com/groups,https://bookings.vibefam.com/ourbodyspace/classes
Recovery ‚Äì Solas Reformative,https://solasreformative.com/recovery/,https://bookings.vibefam.com/solas/packages
Schedule & Price Package [In Person Class] ‚Äì UTL YOGA,https://utlmy.com/pages/yoga-classes-publika-studio,https://bookings.vibefam.com/underthelightyoga/classes
Top 15 Fitness Centre in Singapore - Best in Singapore,https://recommendsg.com/top-15-fitness-centre-in-singapore/,https://bookings.vibefam.com/spacecuboid/classes
"Iyengar Yoga Centre in Bukit Timah Rd, Singapore Phone number, Address, Email, Hours, Courses, Wellness, Cost, Certification, Types of classes, How to book an appointment? - Your Singapore Guide",https://yoursingaporeguide.com/iyengar-yoga-centre-in-bukit-timah-rd-singapore-phone-number-address-email-hours-courses-wellness-cost-certification-types-of-classes-how-to-book-an-appointment/,https://bookings.vibefam.com/iyengaryoga/classes
Group Classes ‚Äî OurBodySpace,https://www.ourbodyspace.com/groups,https://bookings.vibefam.com/ourbodyspace/packages
PHIIT Training Studio on the App Store,https://apps.apple.com/us/app/phiit-training-studio/id6636468399,https://vibefam.com/contact-us/
Booking ‚Äî Vitality Pilates,https://www.vitalitypilates.sg/booking,https://bookings.vibefam.com/vitalitypilates/classes?wmode=opaque
Instructors | Martial Arts & Self Defense Experts ‚Äî Fight Academy Singapore,https://www.fightacademy.sg/instructors,https://bookings.vibefam.com/fightacademy/classes?instructors=Aaron%20Koh
Classes | AFROWITHJEEVI,https://www.afrowithjeevi.com/classes,https://bookings.vibefam.com/afrowithjeevi/classes
Class Schedule & Booking | Prana,https://www.pranayogakl.com/class-booking,https://bookings.vibefam.com/pranayogakl/classes
Schedule ‚Äì Solas Reformative,https://solasreformative.com/schedule/,https://bookings.vibefam.com/mmm/classes
Schedule ‚Äì Solas Reformative,https://solasreformative.com/schedule/,https://bookings.vibefam.com/solas/classes
Instructors | Martial Arts & Self Defense Experts ‚Äî Fight Academy Singapore,https://www.fightacademy.sg/instructors,https://bookings.vibefam.com/fightacademy/classes?instructors=Daniel%20Kim
Classes | AFROWITHJEEVI,https://www.afrowithjeevi.com/classes,https://bookings.vibefam.com/afrowithjeevi
Happenings | Prana,https://www.pranayogakl.com/happenings,https://bookings.vibefam.com/pranayogakl/classes
WeSports Classes | WEsports Singapore,https://wesports.sg/wesports-classes/,https://bookings.vibefam.com/wesports/classes
Instructors | Martial Arts & Self Defense Experts ‚Äî Fight Academy Singapore,https://www.fightacademy.sg/instructors,https://bookings.vibefam.com/fightacademy/classes?instructors=Boon%20Kit%20Tham
FAQ ‚Äì Movestrong.sg,https://movestrong.sg/faq/,https://bookings.vibefam.com/movestrong/packages
FAQ ‚Äî The Flow Playground,https://www.theflowplayground.com/faq,https://bookings.vibefam.com/theflowplayground
Junior Classes | Kids Classes | The Longboard Academy ‚Äî The Longboard Academy (Singapore),https://www.longboardacademysg.com/junior-classes,https://bookings.vibefam.com/longboardacademy/classes?wmode=opaque
"Bliss Shala in Ang Mo Kio Ave, Singapore Phone number, Address, Email, Hours, Courses, Wellness, Cost, Certification, Types of classes, How to book an appointment? - Your Singapore Guide",https://yoursingaporeguide.com/bliss-shala-in-ang-mo-kio-ave-singapore-phone-number-address-email-hours-courses-wellness-cost-certification-types-of-classes-how-to-book-an-appointment/,https://bookings.vibefam.com/blissshala/classes
Semi Private Personal Training ‚Äì Movestrong.sg,https://movestrong.sg/semi-private-personal-training/,https://bookings.vibefam.com/movestrong/packages
Privacy Policy ‚Äì KI YOGA SERANGOON GARDENS,https://www.kiyoga.com.sg/pages/privacy-policy,https://vibefam.com/privacy/
Pricing | Prana,https://www.pranayogakl.com/fees,https://bookings.vibefam.com/pranayogakl/packages
Phatfit @ The Little Arts Academy: Lies Bewertungen und buche Kurse auf ClassPass,https://classpass.de/studios/phatfit--the-little-arts-academy-singapore,https://bookings.vibefam.com/phatfitsg/classes
Class Schedule ‚Äì Amberyoga,https://www.amberyoga.com.sg/pages/glofox-calendar,https://bookings.vibefam.com/amberyoga/classes
Booking & Schedule,https://danceblazeacademy.com/booking/,https://bookings.vibefam.com/danceblaze/classes
Reserve Package - SYNC CYCLE,https://synccycle.com.sg/reserve/,https://bookings.vibefam.com/synccycle/packages
Our Rates | ghettofitness,https://www.ghetto-fitness.com/our-rates,https://bookings.vibefam.com/ghettofitness/packages
About AWJ | Afro Dance Singapore,https://www.afrowithjeevi.com/aboutawj,https://bookings.vibefam.com/afrowithjeevi/classes
Instructors | Martial Arts & Self Defense Experts ‚Äî Fight Academy Singapore,https://www.fightacademy.sg/instructors,https://bookings.vibefam.com/fightacademy/classes?instructors=Tan%20Han%20Yang
About Us ‚Äì Solas Reformative,https://solasreformative.com/about-us/,https://bookings.vibefam.com/solas/classes
Yiqing ‚Äì Run for your life,https://www.run4life.co/our-team/yiqing/,https://bookings.vibefam.com/tirisulayogaeunos/classes/r0KQwRKhyNVQBh3YR9Mf
Classes ‚Äì Vyasa Yoga Singapore: Celebrating 25 years of Yoga Teachigs in Singapore,https://vyasasingapore.com/classes/,https://bookings.vibefam.com/vyasasingapore/packages
"vibefam - Overview, Industry, Revenue, Location & Tech Stack | Koala",https://www.getkoala.com/companies/vibefam.com,https://vibefam.com/
Yiqing ‚Äì Run for your life,https://www.run4life.co/our-team/yiqing/,https://bookings.vibefam.com/tirisulayogaeunos/courses/1FlmPsU5EUgrEXBcToWU
Rates - EMPWR,https://empwr-training.com/rates/,https://bookings.vibefam.com/empwr/packages
Members | BLOCK71 SINGAPORE,https://singapore.block71.co/incubator/members,https://vibefam.com/
Best Free Fitness Classes In Singapore - Free Trial / Promotions - Dawn Chan - Singapore Lifestyle Blogger,https://www.dawnchansg.com/2024/11/the-best-free-fitness-classes-in.html,https://bookings.vibefam.com/swolefitgarage/packages
Group Classes - EMPWR,https://empwr-training.com/group-classes/,https://bookings.vibefam.com/empwr/classes
FITSPACE66,https://fitspace66.com/package,https://bookings.vibefam.com/fitspace66/packages
SCHEDULE | J&C Dance Academy,https://www.jncdanceacademy.com/schedule,https://bookings.vibefam.com/jncdanceacademy
Test ‚Äì Grafichaus Intermedia,https://grafichaus.com/test/,https://bookings.vibefam.com/authenticmovement/interest
Book via BPA Package | BPA Singapore,https://www.fitfoopilates.com/package,https://bookings.vibefam.com/fitfoo/classes
Alexa top domain list || page 771,https://www.one.net.in/domain-list-771,https://vibefam.com/
[Sold Out] Defying the Myths by Yenny Christine (120 min) at 9.45am Su ‚Äì OMTOGETHER,https://omtogether.net/products/yenny-28-apr-2024,https://bookings.vibefam.com/omtogether/classes/X3zGLuKR4aXe8c2dWUnF
"Inside Out Pilates and Fitness Schedule - Pilates in Central Singapore, Singapore",https://insideoutpilates.org/Home/Schedule,https://bookings.vibefam.com/insideoutpilates/classes
"Gforce Fitness Gym - 5 Toh Tuck Link, #2-00, Singapore 596224 | Fresha",https://www.fresha.com/lvp/gforce-fitness-gym-toh-tuck-link-singapore-D7gJzY,https://bookings.vibefam.com/gforce/classes
Ticket Prices ‚Äì OMTOGETHER,https://omtogether.net/pages/price-package,https://bookings.vibefam.com/omtogether/packages
Phatfit @ The Little Arts Academy„ÅÆ„É¨„Éì„É•„Éº„ÇíË™≠„Åø„ÄÅClassPass„Åß„ÇØ„É©„Çπ„Çí‰∫àÁ¥Ñ„Åô„Çã,https://classpass.co.jp/studios/phatfit--the-little-arts-academy-singapore,https://bookings.vibefam.com/phatfitsg/classes
Pricing | BPA Singapore,https://www.fitfoopilates.com/pricing,https://bookings.vibefam.com/fitfoo/packages
Phatfit @ The Little Arts Academy: Lees recensies en boek lessen met ClassPass,https://classpass.nl/studios/phatfit--the-little-arts-academy-singapore,https://bookings.vibefam.com/phatfitsg/classes
Studio Classes Details - ReDefine Wellness,https://redefinewellness.asia/studio-classes-details/,https://bookings.vibefam.com/redefinewellness/classes?classes=Breathwork%20%26%20Crystal%20Meditation
How It Works ‚Äì OMTOGETHER,https://omtogether.net/pages/how-it-works,https://bookings.vibefam.com/omtogether/packages
Studio Classes Details - ReDefine Wellness,https://redefinewellness.asia/studio-classes-details/,https://bookings.vibefam.com/redefinewellness/classes?classes=Sound%20Bath%20with%20Alchemy%20Crystal%20Singing%20Bowls
Studio Classes Details - ReDefine Wellness,https://redefinewellness.asia/studio-classes-details/,https://bookings.vibefam.com/redefinewellness/classes?classes=Chakra%20Activation%20%26%20Healing%20Meditation
Studio Classes Details - ReDefine Wellness,https://redefinewellness.asia/studio-classes-details/,https://bookings.vibefam.com/redefinewellness/classes?classes=Trauma%20Sensitive%20Yoga
vibefam - Software company 265819,https://www.dliplace.com/info-place/265819,https://vibefam.com/
Studio Classes Details - ReDefine Wellness,https://redefinewellness.asia/studio-classes-details/,https://bookings.vibefam.com/redefinewellness/classes?classes=Aura%20Cleansing%20%26%20Chakra%20Balancing%20with%20Reiki
Studio Classes Details - ReDefine Wellness,https://redefinewellness.asia/studio-classes-details/,https://bookings.vibefam.com/redefinewellness/classes?classes=Sound%20%26%20Gong%20Meditation%20with%20Aromatherapy
PoundwithHanis / Cryptocurrencies / Telegram Index,https://tlg.pm/channels/b3d15b57-6f95-4425-8dd5-297ca7c4f5be/,https://bookings.vibefam.com/terustumboh/
How It Works ‚Äì OMTOGETHER,https://omtogether.net/pages/how-it-works,https://bookings.vibefam.com/omtogether/classes
vibefam - Android developer info on AppBrain,https://www.appbrain.com/dev/vibefam/,https://vibefam.com/
Studio Classes Details - ReDefine Wellness,https://redefinewellness.asia/studio-classes-details/,"https://bookings.vibefam.com/redefinewellness/classes?classes=Breathe%20to%20let%20go,%20Breathe%20to%20receive"
PoundwithHanis / Cryptocurrencies / Telegram Index,https://tlg.pm/channels/b3d15b57-6f95-4425-8dd5-297ca7c4f5be/,https://bookings.vibefam.com/terustumboh/classes/1Od38d13aKlntWXIVMhE
Studio Classes Details - ReDefine Wellness,https://redefinewellness.asia/studio-classes-details/,https://bookings.vibefam.com/redefinewellness/classes?classes=Manifestation%20Meditation
Studio Classes Details - ReDefine Wellness,https://redefinewellness.asia/studio-classes-details/,https://bookings.vibefam.com/redefinewellness/classes?classes=Breathwork%20%26%20Mindfulness
Studio Classes Details - ReDefine Wellness,https://redefinewellness.asia/studio-classes-details/,https://bookings.vibefam.com/redefinewellness/classes
Phatfit @ The Little Arts Academy: L√¶s anmeldelser og book hold p√• ClassPass,https://classpass.dk/studios/phatfit--the-little-arts-academy-singapore,https://bookings.vibefam.com/phatfitsg/classes
First Time ‚Äî Shiva Yoga Studio,https://www.shivayoga.com.sg/first-time,https://bookings.vibefam.com/shivayogastudio/classes
Jerry Howard PT: Lees recensies en boek lessen met ClassPass,https://classpass.be/studios/jerry-howard-pt-singapore,https://bookings.vibefam.com/sculpturedbodiespt
Studio Classes Details - ReDefine Wellness,https://redefinewellness.asia/studio-classes-details/,https://bookings.vibefam.com/redefinewellness/classes?classes=Kundalini%20Yoga%20%26%20Gong%20Healing
Studio Classes Details - ReDefine Wellness,https://redefinewellness.asia/studio-classes-details/,https://bookings.vibefam.com/redefinewellness/classes?classes=Quantum%20Reiki%20%26%20Singing%20Bowls
World Sponsors - Beyond Activ,https://beyondactiv.com/events/world/sponsors/,https://vibefam.com/
Studio Classes Details - ReDefine Wellness,https://redefinewellness.asia/studio-classes-details/,https://bookings.vibefam.com/redefinewellness/classes?classes=Sacred%20Sound%20Journey%20%3A%20An%20Oracle%20Experience
Studio Classes Details - ReDefine Wellness,https://redefinewellness.asia/studio-classes-details/,https://bookings.vibefam.com/redefinewellness/classes?classes=Somatic%20Rose%20Dance
Studio Classes Details - ReDefine Wellness,https://redefinewellness.asia/studio-classes-details/,https://bookings.vibefam.com/redefinewellness/classes?classes=Yoga%20Nidra
Four Tips For Financing Your New Car | Heaven Article,http://heavenarticle.com/four-tips-for-financing-your-new-car/,https://vibefam.com/
Studio Classes Details - ReDefine Wellness,https://redefinewellness.asia/studio-classes-details/,https://bookings.vibefam.com/redefinewellness/classes?classes=Sleep%20Veda%20-%20art%20of%20falling%20asleep%20naturally
Studio Classes Details - ReDefine Wellness,https://redefinewellness.asia/studio-classes-details/,https://bookings.vibefam.com/redefinewellness/classes?classes=Sound%20%26%20Mindfulness%20Meditation
Studio Classes Details - ReDefine Wellness,https://redefinewellness.asia/studio-classes-details/,https://bookings.vibefam.com/redefinewellness/classes?classes=Advanced%20Chakra%20Cleanse%20with%20Quantum%20Reiki
Studio Classes Details - ReDefine Wellness,https://redefinewellness.asia/studio-classes-details/,https://bookings.vibefam.com/redefinewellness/classes?classes=Shamanic%20Healing%20Meditation
hansika.co.in | few of top websites | page no. 771,https://www.hansika.co.in/domain-list-771,http://vibefam.com/
"LVE Combat ‚Äì Lve | Total body transformation | 51 Boat Quay, Singapore",https://lve.websoultech.com.my/lve-combat/,https://bookings.vibefam.com/lvestudio/packages
,https://www.anastasiatham.com/circles,https://bookings.vibefam.com/blissshala/classes/WhgCnGtmi5l09h30pxvd
Little and Junior Yogis Package on UPlay‚ÄØ,https://www.uplay.com.sg/allexperiences/detail/2525,https://bookings.vibefam.com/blissshala/classes
Book Online | Fiaba Kids 1,https://www.fiabakids.com/book-online,https://bookings.vibefam.com/fiabakids/classes
vibefam | The Org,https://theorg.com/org/vibefam,https://vibefam.com/
FWC ‚Äì THE CURVE CULT,https://thecurvecult.com/pages/fwc,https://bookings.vibefam.com/fwc/classes
Where to buy üöÄ aged domains and backlinks üî• from www | 8181-2947,https://ageokousei.jp/d8181c2e947db333ff004fd5278fdf93-domais.html,https://vibefam.com/
FWC ‚Äì THE CURVE CULT,https://thecurvecult.com/pages/fwc,https://bookings.vibefam.com/fwc/packages
Alexa top domain list || page 771,https://www.publicdirectory.in/domain-list-771,https://vibefam.com/
,https://redefinewellness.asia/wp-content/uploads/2025/01/RDW-studio-29-2025-1.html,https://bookings.vibefam.com/redefinewellness/classes?classes=Kundalini%20Yoga%20%26%20Gong%20Healing
SOL House | Ayurvedic Bodywork & Therapy,https://solhouse.co/workshop,https://bookings.vibefam.com/yogaincommon/classes/Y8x4dc1XJc7YXnZ7m0jQ?fbclid=PAZXh0bgNhZW0CMTEAAaYKTP2CxoUDvUxshQa7xiDctw37FWpV78lsZeJqX63LN7PAXp2153WGL0c_aem_qn4gixPcNr1Gr9R5EFso4g
,https://redefinewellness.asia/wp-content/uploads/2025/01/RDW-studio-29-2025-1.html,https://bookings.vibefam.com/redefinewellness/classes/r29Tb3ppvlCbXm7RFfok
Create Premium High-Quality backlinks & Increase Ahrefs Domain Rating DR & Increase Domain Authority DA & All Niche backlinks available ‚Äì High-Quality backlinks,https://linksjump.info/increase-moz-da-ahrefs-dr-and-majestic-tf-with-seo-backliks-17981/,https://vibefam.com/
"Stop throwing money at ads‚Äîour approach yields results, at SeoFlox.com",https://seoflx.net/p/fbnff-rank-website-on-first-page/,https://vibefam.com/
Alexa top domain list || page 520,https://mohini.online/domain-list-520,http://vibefam.com/
"ProLink ‚Äì 100% Organic Backlink Service to Outrank Competitors! Boost your DR & traffic naturally with our trusted service. Proven results, satisfied clients, and long-term SEO success! - ProLink 1 - ProLink Agency",https://prolinkseo.com/grow-with-us-high-quality-backlinks-1/,https://vibefam.com/
Root Fitness | Personal Training & Outdoor Bootcamp in Singapore,https://www.rootfitnesspt.com/home,https://bookings.vibefam.com/fitbeatsg/packages
Packages | mpilatessg,https://www.mpilatessg.com/packages,https://bookings.vibefam.com/mpilates/packages
"Vibefam Alternative, Similar & Traffic - Aidb.cc",https://aidb.cc/details/vibefam-com,https://vibefam.com/
Senam Club,https://www.senamclub.com/,https://bookings.vibefam.com/senamhub/signup/
Location & Schedule | BolehFit,https://bolehfit.weeblysite.com/location-and-schedule,https://bookings.vibefam.com/bolehfit/classes
Alexa top domain list || page 520,https://gondia.online/domain-list-520,http://vibefam.com/
Senam Club,https://www.senamclub.com/faq,https://bookings.vibefam.com/senamhub/signup/
Fitbeat | Personal Training Singapore,https://www.fitbeatfitness.com/home,https://bookings.vibefam.com/fitbeatsg/packages
Where to buy üöÄ aged domains and backlinks üî• from all-aged-domains | 3018-2393,https://all-aged-domains.com/page-aaa3a0b1e82e3932787eef112baf4488.html,https://vibefam.com/
Classes - Prime Combat,https://primecombatsg.com/classes/,https://bookings.vibefam.com/primecombat/classes
Abigail Phoebe - Teacher Profile | Yoga Alliance,https://r.yogaalliance.org/TeacherPublicProfile?tid=324750,https://bookings.vibefam.com/apyogastudio/classes
Alexa top domain list || page 771,https://www.websiteslist.net/domain-list-771,http://vibefam.com/
Kalee Hub for Android | Ranking & Download trend by Sequoia One,https://sequone.com/en/app/com.vibefam.kaleehub,https://vibefam.com/privacy/
Alexa top domain list || page 520,https://dharashiv.top/domain-list-520,https://vibefam.com/
Alexa top domain list || page 520,http://dhule.online/domain-list-520,https://vibefam.com/
Why Customer Relationship Management (CRM) is Essential for Building Strong Business Relationships - Business Vocal,https://businessvocal.com/why-customer-relationship-management-crm-is-essential-for-building-strong-business-relationships/,https://vibefam.com/
Alexa top domain list || page 520,https://nanded.top/domain-list-520,https://vibefam.com/
About | Innerfit Singapore,https://www.innerfitsg.com/about-innerfit,https://bookings.vibefam.com/innerfit/classes
Kids Yoga (4-11) ‚Äî Planting Seeds with Kids,https://plantingseedswithkids.com/kids-yoga,https://bookings.vibefam.com/yogaincommon/classes/68ZeWVtz0rECrvSG9Ew0
Alexa top domain list || page 520,https://aurangabad.online/domain-list-520,https://vibefam.com/
Top domain list || page 614,http://www.linksdirectory.in/domain-list-614,https://vibefam.com/
Four Tips For Financing Your New Car | King Ranks,http://kingranks.com/four-tips-for-financing-your-new-car/,https://vibefam.com/
Isaac Tan,https://isaactanlishung.com/page,https://bookings.vibefam.com/isaac/packages
Alexa top domain list || page 771,https://www.pratibha.pw/domain-list-771,http://vibefam.com/
üë≤ Domain Report üë≤,https://quero.party/report/2003289,https://vibefam.com/
,https://redefinewellness.asia/wp-content/uploads/2025/01/RDW-studio-29-2025-1.html,https://bookings.vibefam.com/redefinewellness/classes?classes=Sacred%20Sound%20Journey%20%3A%20An%20Oracle%20Experience
Alexa top domain list || page 771,https://www.mohini.pw/domain-list-771,http://vibefam.com/
Alexa top domain list || page 771,https://www.onemanarmy.in/domain-list-771,http://vibefam.com/
LVE Singapore - Pricing,https://www.lve.com.sg/pricing,https://bookings.vibefam.com/lve/packages
Alexa top domain list || page 520,https://wardha.top/domain-list-520,http://vibefam.com/
Alexa top domain list || page 771,https://www.surekha.co.in/domain-list-771,http://vibefam.com/
Where to buy üöÄ aged domains and backlinks üî• from qa-animals | 3787-9341,https://qa-animals.info/id-fe3dd78793412bb343f48d046811a798-list.html,https://vibefam.com/
Alexa top domain list || page 614,http://www.indianwebsites.in/domain-list-614,http://vibefam.com/
FWC ‚Äì THE CURVE CULT,https://thecurvecult.com/pages/fwc,https://bookings.vibefam.com/fwc/classes/DVOr3BK3SBWP0npPyJpQ
Vibefam Email ID Format | Official Contacts,https://www.salezshark.com/company/vibefam,http://www.vibefam.com/
Alexa top domain list || page 614,http://www.touristpoint.in/domain-list-614,http://vibefam.com/
Senam Club,https://www.senamclub.com/,https://bookings.vibefam.com/senamhub/classes
discussion.co.in | few of top websites | page no. 614,https://www.discussion.co.in/domain-list-614,https://vibefam.com/
Compare Punchpass vs vibefam 2025 | SoftwareWorld,https://www.softwareworld.co/compare/punchpass-vs-vibefam/,https://vibefam.com/
Alexa top domain list || page 520,https://palghar.top/domain-list-520,http://vibefam.com/
Gym setup online cost,https://www.michaelgrantpainting.com/?m=531335712,https://vibefam.com/wp-content/uploads/2023/04/8.png
Alexa top domain list || page 520,http://pratibha.online/domain-list-520,http://vibefam.com/
Alexa top domain list || page 771,https://www.vzhq.online/domain-list-771,https://vibefam.com/
Alexa top domain list || page 614,http://www.newdirectory.in/domain-list-614,https://vibefam.com/
Alexa top domain list || page 520,https://nandurbar.online/domain-list-520,https://vibefam.com/
Alexa top domain list || page 771,https://www.newfilms.in/domain-list-771,https://vibefam.com/
Pricing - Level One Heroboard,https://www.leveloneheroboard.com/pricing/,https://bookings.vibefam.com/leveloneheroboard/merchandise
Top domain list || page 614,http://backlinksources.com/domain-list-614,https://vibefam.com/
Alexa top domain list || page 614,https://nexttravel.in/domain-list-614,http://vibefam.com/
Tipsy Unicorn | Fitness,https://www.tipsyunicorn.com.sg/copy-of-fitness,https://bookings.vibefam.com/tipsyunicorn/classes
Alexa top domain list || page 771,https://www.sushila.co.in/domain-list-771,http://vibefam.com/
Alexa top domain list || page 771,https://www.webdesignerdirectory.in/domain-list-771,https://vibefam.com/
Alexa top domain list || page 614,http://bakbak.in/domain-list-614,https://vibefam.com/
Alexa top domain list || page 520,http://bhandara.online/domain-list-520,https://vibefam.com/
Gym store setup cost,https://rockjogo.com.br/?r=531335712,https://vibefam.com/wp-content/uploads/2023/04/8.png
Alexa top domain list || page 771,https://www.urldirectory.net/domain-list-771,https://vibefam.com/
Alexa top domain list || page 520,https://amravati.top/domain-list-520,http://vibefam.com/
"Gym di Sarawak, Malaysia",https://fitnesscenters.my/gym-di-sarawak-malaysia/,https://bookings.vibefam.com/sweatfactory/classes
vibefam Reviews Apr 2025: Pricing & Features | SoftwareWorld,https://www.softwareworld.co/software/vibefam-reviews/,https://vibefam.com/
7 Gyms & Fitness Studios To Work Out At In PJ & KL If You're A Shy Person,https://pre.says.com/my/lifestyle/gyms-for-shy-people,https://bookings.vibefam.com/marookhafitness/classes
Where to buy üöÄ aged domains and backlinks üî• from JobsApp | 3076-7927,https://jobsapp.info/ab307f67acacc92f781468e294208229-l/,https://vibefam.com/
,https://redefinewellness.asia/wp-content/uploads/2025/01/RDW-studio-29-2025-1.html,"https://bookings.vibefam.com/redefinewellness/classes?classes=Breathe%20to%20let%20go,%20Breathe%20to%20receive"
,https://www.shorturl.at/1CRQz,https://bookings.vibefam.com/balanceyogaandsoundstudio/courses/Edp03dieHhS9GkOiJhz8
Alexa top domain list || page 520,http://gadchiroli.online/domain-list-520,http://vibefam.com/
T Yi Lifestyle Studio: Les anmeldelser og book timer p√• ClassPass,https://classpass.no/studios/t-yi-lifestyle-studio-johor,https://bookings.vibefam.com/tyilifestylestudio/classes
ËÅîÁ≥ªÊàë‰ª¨ | My Site 4,https://www.mpilatessg.com/zh/contact,https://bookings.vibefam.com/mpilates/packages
Alexa top domain list || page 520,http://buldhana.online/domain-list-520,https://vibefam.com/
Alexa top domain list || page 614,https://backlink.co.in/domain-list-614,https://vibefam.com/
Top domain list || page 614,http://www.thewebdirectory.net/domain-list-614,https://vibefam.com/
Alexa top domain list || page 771,https://www.ketaki.co.in/domain-list-771,http://vibefam.com/
"WhoisMaking.Money - Analyze Stripe Payment Traffic, Discover Who is Making Money",https://whoismaking.money/?page=197,https://vibefam.com/
"Lve | Total body transformation | 51 Boat Quay, Singapore ‚Äì We are more than fitness, more than a gym. Lve fuels your total body transformation through functional wellness.",https://lve.websoultech.com.my/,https://bookings.vibefam.com/lvestudio/packages
Alexa top domain list || page 614,http://eturkey.net/domain-list-614,https://vibefam.com/
"Vibefam Company Profile 2025: Valuation, Funding & Investors | PitchBook",https://pitchbook.com/profiles/company/617573-44,http://vibefam.com/
Alexa top domain list || page 614,http://indianbusinessdirectory.in/domain-list-614,http://vibefam.com/
Alexa top domain list || page 614,http://domainsandsites.com/domain-list-614,http://vibefam.com/
Top domain list || page 771,https://www.achievedomains.com/domain-list-771,https://vibefam.com/