Keyword,Country code,Location,SERP features,Volume,KD,Organic traffic,Current position,Current URL
how to translate in word,CA,Canada,"AI overview, Featured snippet, People also ask, Sitelinks, Discussions and forums",30,18,0,19,https://ladontranslation.com/blog/how-to-translate-word-document/
how to translate in word,GB,United Kingdom,"AI overview, Featured snippet, People also ask, Sitelinks, Discussions and forums",50,15,0,22,https://ladontranslation.com/blog/how-to-translate-word-document/
how to translate word document,GB,United Kingdom,"Featured snippet, People also ask, Sitelinks",30,20,0,21,https://ladontranslation.com/blog/how-to-translate-word-document/
how to translate a document in word,US,United States,"AI overview, People also ask, Sitelinks, Discussions and forums",90,23,0,27,https://ladontranslation.com/blog/how-to-translate-word-document/
translate word documents,US,United States,"Featured snippet, People also ask, Sitelinks",200,59,0,29,https://ladontranslation.com/blog/how-to-translate-word-document/
how to translate word document,US,United States,"AI overview, People also ask, Sitelinks, Top stories, Video preview",70,26,0,26,https://ladontranslation.com/blog/how-to-translate-word-document/
how to translate a word document,US,United States,"AI overview, People also ask, Sitelinks, Top stories, Video preview, Discussions and forums",400,3,0,31,https://ladontranslation.com/blog/how-to-translate-word-document/
how to translate a word document,GB,United Kingdom,"AI overview, People also ask, Sitelinks",100,21,0,26,https://ladontranslation.com/blog/how-to-translate-word-document/
how to translate word document,CA,Canada,"AI overview, People also ask, Sitelinks",10,56,0,20,https://ladontranslation.com/blog/how-to-translate-word-document/
how to translate in word,ID,Indonesia,"Featured snippet, People also ask, Sitelinks",20,17,0,23,https://ladontranslation.com/blog/how-to-translate-word-document/
how to translate in word document,IN,India,"AI overview, People also ask, Sitelinks, Discussions and forums",10,56,0,23,https://ladontranslation.com/blog/how-to-translate-word-document/
translate a word document,US,United States,"Featured snippet, Top ads, Paid sitelinks, People also ask, Sitelinks, Top stories, Video preview, Bottom ads",150,54,0,30,https://ladontranslation.com/blog/how-to-translate-word-document/
translate word document,NL,Netherlands,"Knowledge card, Sitelinks, People also ask",100,71,0,29,https://ladontranslation.com/blog/how-to-translate-word-document/
how to translate a word document,NL,Netherlands,"People also ask, Sitelinks",10,46,0,22,https://ladontranslation.com/blog/how-to-translate-word-document/
translate word document,PT,Portugal,"Knowledge card, Sitelinks, People also ask",30,74,0,27,https://ladontranslation.com/blog/how-to-translate-word-document/
translate word document,BE,Belgium,"Sitelinks, People also ask",40,76,0,28,https://ladontranslation.com/blog/how-to-translate-word-document/
how to translate in word document,US,United States,"AI overview, People also ask, Sitelinks, Top stories, Video preview, Discussions and forums",30,12,0,28,https://ladontranslation.com/blog/how-to-translate-word-document/
translate word document,SE,Sweden,"Knowledge card, Sitelinks, People also ask",40,68,0,29,https://ladontranslation.com/blog/how-to-translate-word-document/
translate word document,RO,Romania,Sitelinks,60,70,0,29,https://ladontranslation.com/blog/how-to-translate-word-document/
translate word document,GR,Greece,"Knowledge card, Sitelinks, People also ask",40,74,0,28,https://ladontranslation.com/blog/how-to-translate-word-document/
translate in word,GB,United Kingdom,"AI overview, People also ask, Sitelinks",70,39,0,33,https://ladontranslation.com/blog/how-to-translate-word-document/
translate word document,IT,Italy,"Knowledge card, Top ads, Paid sitelinks, Sitelinks, People also ask, Bottom ads",30,14,0,27,https://ladontranslation.com/blog/how-to-translate-word-document/
translate in word document,US,United States,"AI overview, Featured snippet, People also ask, Sitelinks, Top stories, Video preview",10,32,0,26,https://ladontranslation.com/blog/how-to-translate-word-document/
translate word document,UA,Ukraine,"Sitelinks, Knowledge card, People also ask",20,66,0,27,https://ladontranslation.com/blog/how-to-translate-word-document/
translate word document,CH,Switzerland,"Featured snippet, Sitelinks",20,78,0,28,https://ladontranslation.com/blog/how-to-translate-word-document/
how to translate word document,IN,India,"AI overview, People also ask, Sitelinks",20,54,0,29,https://ladontranslation.com/blog/how-to-translate-word-document/
translate word document,AU,Australia,"Featured snippet, Sitelinks, People also ask",50,47,0,32,https://ladontranslation.com/blog/how-to-translate-word-document/
how to translate microsoft word document,US,United States,"Featured snippet, People also ask, Sitelinks, Discussions and forums",10,10,0,26,https://ladontranslation.com/blog/how-to-translate-word-document/
translate word document,MX,Mexico,"Knowledge card, Sitelinks, People also ask",20,77,0,30,https://ladontranslation.com/blog/how-to-translate-word-document/
word translate document,DE,Germany,"Sitelinks, People also ask",10,13,0,28,https://ladontranslation.com/blog/how-to-translate-word-document/
translate document word,ID,Indonesia,"Knowledge card, Sitelinks",70,28,0,39,https://ladontranslation.com/blog/how-to-translate-word-document/
translate word document,TR,Turkey,"Knowledge card, Top ads, Sitelinks, People also ask, Bottom ads",40,66,0,37,https://ladontranslation.com/blog/how-to-translate-word-document/
translate in word,RO,Romania,"Featured snippet, Sitelinks",10,31,0,30,https://ladontranslation.com/blog/how-to-translate-word-document/
translate word document,IN,India,"Sitelinks, Bottom ads",150,57,0,39,https://ladontranslation.com/blog/how-to-translate-word-document/
translation in word,US,United States,"AI overview, Thumbnail, Featured snippet, People also ask, Sitelinks, Top stories, Video preview",10,28,0,32,https://ladontranslation.com/blog/how-to-translate-word-document/
translate word document,RU,Russian Federation,Knowledge card,90,41,0,42,https://ladontranslation.com/blog/how-to-translate-word-document/
word document translator,IN,India,"Featured snippet, Sitelinks, People also ask",30,57,0,37,https://ladontranslation.com/blog/how-to-translate-word-document/
translate document in word,US,United States,"AI overview, Featured snippet, People also ask, Sitelinks, Top stories, Video preview",20,39,0,36,https://ladontranslation.com/blog/how-to-translate-word-document/
word document translate,US,United States,"Featured snippet, People also ask, Sitelinks",10,50,0,31,https://ladontranslation.com/blog/how-to-translate-word-document/
translate word document,CO,Colombia,"Sitelinks, Knowledge card, People also ask",10,66,0,34,https://ladontranslation.com/blog/how-to-translate-word-document/
word document translate,TR,Turkey,"Knowledge card, Top ads",10,26,0,35,https://ladontranslation.com/blog/how-to-translate-word-document/
translate word document,AE,United Arab Emirates,"Featured snippet, Sitelinks, Bottom ads, Paid sitelinks",20,70,0,41,https://ladontranslation.com/blog/how-to-translate-word-document/
translate document from english to spanish in word,US,United States,"People also ask, Sitelinks",10,46,0,45,https://ladontranslation.com/blog/how-to-translate-word-document/
translate word doc,US,United States,"Featured snippet, People also ask, Sitelinks",150,57,0,58,https://ladontranslation.com/blog/how-to-translate-word-document/
word document translate to spanish,US,United States,"AI overview, Sitelinks",10,64,0,47,https://ladontranslation.com/blog/how-to-translate-word-document/
how to translate a word doc from english to spanish,US,United States,"AI overview, Knowledge card, People also ask, Sitelinks, Discussions and forums",0,46,0,45,https://ladontranslation.com/blog/how-to-translate-word-document/
how to translate word document from english to spanish,US,United States,"Knowledge card, People also ask, Sitelinks",10,46,0,51,https://ladontranslation.com/blog/how-to-translate-word-document/
word document translator,IT,Italy,"Sitelinks, People also ask",10,62,0,49,https://ladontranslation.com/blog/how-to-translate-word-document/
word doc translator,US,United States,"Featured snippet, Sitelinks, People also ask",0,50,0,53,https://ladontranslation.com/blog/how-to-translate-word-document/
word document translator,GB,United Kingdom,"Featured snippet, Sitelinks, People also ask",10,56,0,57,https://ladontranslation.com/blog/how-to-translate-word-document/
translate a word document from english to spanish,US,United States,"Knowledge card, People also ask, Sitelinks",50,46,0,87,https://ladontranslation.com/blog/how-to-translate-word-document/
translate english to spanish word document,US,United States,People also ask,10,58,0,90,https://ladontranslation.com/blog/how-to-translate-word-document/
morningside translations,US,United States,People also ask,200,0,0,63,https://ladontranslation.com/
how to translate a word document,ES,Spain,"People also ask, Sitelinks",,45,0,21,https://ladontranslation.com/blog/how-to-translate-word-document/
how to translate a word document,AU,Australia,"AI overview, People also ask, Sitelinks",,45,0,19,https://ladontranslation.com/blog/how-to-translate-word-document/
translation microsoft word,US,United States,"People also ask, Sitelinks, Top stories, Video preview, Thumbnail",,75,0,64,https://ladontranslation.com/blog/how-to-translate-word-document/
translate a word document,CA,Canada,"Featured snippet, People also ask, Sitelinks",,64,0,27,https://ladontranslation.com/blog/how-to-translate-word-document/
how to translate a word doc,US,United States,"Featured snippet, People also ask, Sitelinks, Top stories, Video preview, Discussions and forums",,28,0,27,https://ladontranslation.com/blog/how-to-translate-word-document/